ticket_id,customer_id,ticket_date,issue_type,resolution_time_hours,resolved,outcome
T400000,C100857,2025-07-27,Login Issue,4.91,TRUE,Retained
T400001,C100683,2025-04-18,Other,18.74,TRUE,Retained
T400002,C100685,2025-02-01,Content Request,49.52,TRUE,Retained
T400003,C100062,2024-10-25,Login Issue,31.62,TRUE,Retained
T400004,C100066,2025-02-05,Login Issue,39.43,TRUE,Retained
T400005,C100197,2024-08-09,Content Request,25.81,TRUE,Retained
T400006,C100844,2025-03-13,Login Issue,28.29,TRUE,Retained
T400007,C100779,2025-03-05,Streaming Quality,45.4,TRUE,Retained
T400008,C100513,2025-05-20,Streaming Quality,6.89,TRUE,Retained
T400009,C100151,2024-10-23,Login Issue,16.13,TRUE,Retained
T400010,C100746,2024-09-19,Billing,6,TRUE,Retained
T400011,C100273,2025-03-06,Billing,105.49,TRUE,Retained
T400012,C100085,2024-12-09,Streaming Quality,69.2,TRUE,Retained
T400013,C100176,2024-08-09,Cancel Subscription,0.97,TRUE,Retained
T400014,C100454,2024-12-27,Login Issue,29.35,TRUE,Retained
T400015,C100045,2024-08-30,Cancel Subscription,62.25,TRUE,Retained
T400016,C100282,2025-03-12,Other,4.78,TRUE,Retained
T400017,C100623,2025-05-22,Other,20.14,TRUE,Retained
T400018,C100203,2024-08-19,Cancel Subscription,59.3,TRUE,Retained
T400019,C100705,2025-06-05,Login Issue,0.83,TRUE,Retained
T400020,C100517,2025-05-26,Cancel Subscription,28.69,TRUE,Retained
T400021,C100419,2024-10-02,Cancel Subscription,8.47,TRUE,Retained
T400022,C100177,2025-03-13,Streaming Quality,61.97,TRUE,Retained
T400023,C100650,2025-01-25,Content Request,85.02,TRUE,Retained
T400024,C100764,2025-03-31,Cancel Subscription,69.29,TRUE,Retained
T400025,C100862,2024-09-17,Other,15.43,TRUE,Retained
T400026,C100857,2025-04-15,Billing,47.54,TRUE,Retained
T400027,C100963,2025-07-26,Streaming Quality,44.67,TRUE,Retained
T400028,C100003,2025-04-23,Billing,9.22,TRUE,Retained
T400029,C100318,2024-10-15,Billing,42.37,TRUE,Retained
T400030,C100280,2025-03-07,Other,0.91,TRUE,Retained
T400031,C100574,2025-05-26,Cancel Subscription,21.77,FALSE,Escalated
T400032,C100359,2024-10-14,Other,6.27,TRUE,Retained
T400033,C100120,2025-08-03,Content Request,3.08,TRUE,Retained
T400034,C100349,2025-03-30,Login Issue,1.92,TRUE,Retained
T400035,C100477,2025-02-04,Streaming Quality,28.6,TRUE,Retained
T400036,C100581,2024-11-22,Other,9.97,TRUE,Retained
T400037,C100856,2024-11-18,Login Issue,30.96,TRUE,Retained
T400038,C100713,2025-01-14,Cancel Subscription,1.62,FALSE,Escalated
T400039,C100088,2024-12-08,Login Issue,9.09,TRUE,Retained
T400040,C100579,2024-09-27,Content Request,18.61,TRUE,Retained
T400041,C100952,2025-05-14,Streaming Quality,37.54,TRUE,Retained
T400042,C100474,2025-02-14,Content Request,9.21,TRUE,Retained
T400043,C100090,2024-09-14,Billing,23.6,TRUE,Retained
T400044,C100119,2025-05-22,Other,52.11,TRUE,Retained
T400045,C100940,2024-10-13,Login Issue,22.96,TRUE,Retained
T400046,C100092,2024-11-26,Cancel Subscription,6.37,TRUE,Retained
T400047,C100186,2025-03-02,Cancel Subscription,0.59,TRUE,Retained
T400048,C100747,2024-11-15,Billing,48.98,TRUE,Retained
T400049,C100088,2025-01-30,Login Issue,0.52,TRUE,Retained
T400050,C100190,2025-01-28,Streaming Quality,49.85,TRUE,Retained
T400051,C100325,2024-12-04,Content Request,18.07,TRUE,Retained
T400052,C100605,2024-09-12,Billing,67.15,TRUE,Retained
T400053,C100641,2025-05-15,Streaming Quality,38.48,TRUE,Retained
T400054,C100988,2024-11-14,Cancel Subscription,148.37,TRUE,Retained
T400055,C100020,2024-12-06,Streaming Quality,10.37,TRUE,Retained
T400056,C100785,2025-05-12,Other,34.98,TRUE,Retained
T400057,C100173,2024-12-05,Login Issue,12.34,TRUE,Retained
T400058,C100807,2025-01-27,Billing,15.69,TRUE,Retained
T400059,C100010,2025-08-02,Content Request,23.7,TRUE,Retained
T400060,C100222,2024-09-01,Streaming Quality,49.65,TRUE,Retained
T400061,C100653,2025-07-07,Other,99.37,TRUE,Retained
T400062,C100383,2025-02-15,Streaming Quality,35.09,TRUE,Retained
T400063,C100471,2025-04-16,Streaming Quality,12.98,TRUE,Retained
T400064,C100083,2025-03-04,Streaming Quality,13.13,TRUE,Retained
T400065,C100898,2025-04-26,Content Request,32.11,TRUE,Retained
T400066,C100741,2025-04-17,Other,6.55,TRUE,Retained
T400067,C100965,2025-05-25,Streaming Quality,2.81,TRUE,Retained
T400068,C100252,2025-03-20,Streaming Quality,10.51,TRUE,Retained
T400069,C100315,2024-10-02,Billing,8.13,TRUE,Retained
T400070,C100857,2025-06-09,Login Issue,8.43,TRUE,Retained
T400071,C100697,2024-09-11,Streaming Quality,6.39,TRUE,Retained
T400072,C100657,2025-05-01,Billing,1.03,TRUE,Retained
T400073,C100965,2025-02-08,Cancel Subscription,0.5,TRUE,Retained
T400074,C100923,2024-11-27,Content Request,105.6,TRUE,Retained
T400075,C100885,2024-12-17,Content Request,13.4,TRUE,Retained
T400076,C100195,2024-10-22,Content Request,11.64,TRUE,Retained
T400077,C100765,2024-09-17,Cancel Subscription,27.32,TRUE,Retained
T400078,C100773,2025-08-03,Cancel Subscription,5.91,TRUE,Retained
T400079,C100755,2024-11-14,Cancel Subscription,71.88,TRUE,Retained
T400080,C100135,2025-04-15,Streaming Quality,37.04,TRUE,Retained
T400081,C100317,2025-04-28,Content Request,2.25,TRUE,Retained
T400082,C100054,2025-02-04,Streaming Quality,12.97,TRUE,Retained
T400083,C100388,2024-09-03,Cancel Subscription,50.71,TRUE,Retained
T400084,C100722,2025-07-24,Cancel Subscription,69.49,TRUE,Retained
T400085,C100293,2025-01-17,Content Request,15.12,TRUE,Retained
T400086,C100182,2024-09-23,Other,22.81,TRUE,Retained
T400087,C100285,2025-06-20,Cancel Subscription,4.39,TRUE,Retained
T400088,C100143,2025-02-22,Content Request,113.51,TRUE,Retained
T400089,C100578,2024-11-23,Other,6.32,TRUE,Retained
T400090,C100323,2025-07-06,Login Issue,68.64,TRUE,Retained
T400091,C100423,2025-03-24,Other,25.17,TRUE,Retained
T400092,C100231,2024-10-30,Login Issue,22.46,TRUE,Retained
T400093,C100855,2024-11-09,Login Issue,17.25,TRUE,Retained
T400094,C100192,2024-11-07,Content Request,6.29,FALSE,Escalated
T400095,C100279,2025-06-30,Login Issue,4.66,TRUE,Retained
T400096,C100904,2025-07-12,Login Issue,5.98,TRUE,Retained
T400097,C100204,2024-12-24,Streaming Quality,4.95,TRUE,Retained
T400098,C100181,2024-10-23,Login Issue,36.29,TRUE,Retained
T400099,C100302,2024-11-15,Cancel Subscription,10.34,TRUE,Retained
T400100,C100265,2025-04-05,Login Issue,1.43,TRUE,Retained
T400101,C100714,2025-04-06,Billing,83.45,TRUE,Retained
T400102,C100450,2025-03-31,Other,51.66,FALSE,Escalated
T400103,C100270,2025-05-08,Streaming Quality,63.06,TRUE,Retained
T400104,C100094,2024-08-21,Login Issue,126.72,TRUE,Retained
T400105,C100501,2024-09-10,Other,4.58,TRUE,Retained
T400106,C100363,2025-04-06,Streaming Quality,12.11,TRUE,Retained
T400107,C100592,2025-04-15,Cancel Subscription,34.08,TRUE,Retained
T400108,C100372,2024-08-21,Cancel Subscription,28.58,TRUE,Retained
T400109,C100357,2024-12-19,Streaming Quality,4.01,TRUE,Retained
T400110,C100790,2025-05-11,Billing,40.61,TRUE,Retained
T400111,C100657,2025-07-20,Cancel Subscription,6.1,TRUE,Retained
T400112,C100535,2024-10-02,Other,6.08,TRUE,Retained
T400113,C100460,2025-03-26,Content Request,18.48,TRUE,Retained
T400114,C100849,2024-10-31,Cancel Subscription,21.57,TRUE,Retained
T400115,C100646,2025-03-20,Login Issue,20.82,TRUE,Retained
T400116,C100703,2025-06-24,Billing,2.3,TRUE,Retained
T400117,C100851,2025-05-04,Cancel Subscription,50.38,TRUE,Retained
T400118,C100174,2025-07-08,Streaming Quality,7.41,TRUE,Retained
T400119,C100037,2025-06-03,Other,3.33,TRUE,Retained
T400120,C100972,2024-11-15,Login Issue,52.7,TRUE,Retained
T400121,C100854,2025-03-07,Other,74.78,TRUE,Retained
T400122,C100599,2025-07-09,Other,47.55,TRUE,Retained
T400123,C100394,2025-04-25,Other,39.8,TRUE,Retained
T400124,C100159,2025-04-15,Cancel Subscription,25.56,TRUE,Retained
T400125,C100550,2025-04-07,Streaming Quality,19.21,TRUE,Retained
T400126,C100582,2024-10-14,Content Request,2.18,TRUE,Retained
T400127,C100215,2024-10-16,Login Issue,12.6,TRUE,Retained
T400128,C100719,2024-12-08,Cancel Subscription,11.19,TRUE,Retained
T400129,C100444,2024-12-15,Billing,7.22,TRUE,Retained
T400130,C100355,2025-06-20,Content Request,30.85,TRUE,Retained
T400131,C100661,2024-11-08,Cancel Subscription,16.44,FALSE,Escalated
T400132,C100830,2025-07-14,Content Request,2.03,TRUE,Retained
T400133,C100698,2025-02-27,Content Request,5.97,TRUE,Retained
T400134,C100815,2024-09-19,Cancel Subscription,27.59,TRUE,Retained
T400135,C100295,2025-07-03,Content Request,1.9,TRUE,Retained
T400136,C100212,2025-05-01,Billing,45.72,TRUE,Retained
T400137,C100350,2024-12-08,Streaming Quality,16.4,TRUE,Retained
T400138,C100716,2025-06-11,Billing,15.72,TRUE,Retained
T400139,C100991,2024-12-26,Cancel Subscription,21.54,TRUE,Retained
T400140,C100515,2025-06-28,Content Request,41.79,TRUE,Retained
T400141,C100564,2024-12-09,Cancel Subscription,10.26,TRUE,Retained
T400142,C100849,2025-04-30,Other,27.2,TRUE,Retained
T400143,C100760,2025-06-19,Billing,20.02,TRUE,Retained
T400144,C100813,2024-11-05,Login Issue,7.46,TRUE,Retained
T400145,C100275,2024-10-12,Content Request,50.61,TRUE,Retained
T400146,C100092,2025-04-21,Other,38.32,TRUE,Retained
T400147,C100525,2024-10-07,Streaming Quality,25.78,TRUE,Retained
T400148,C100791,2024-12-03,Billing,45.62,TRUE,Retained
T400149,C100215,2025-03-09,Other,48.47,TRUE,Retained
T400150,C100264,2024-10-22,Login Issue,29.57,TRUE,Retained
T400151,C100223,2025-08-05,Billing,43.54,TRUE,Retained
T400152,C100478,2024-10-16,Other,28.69,TRUE,Retained
T400153,C100267,2025-01-01,Login Issue,27.36,TRUE,Retained
T400154,C100032,2025-06-13,Cancel Subscription,23.13,TRUE,Retained
T400155,C100944,2024-12-26,Login Issue,33.53,TRUE,Retained
T400156,C100118,2024-09-14,Other,4.14,TRUE,Retained
T400157,C100529,2025-05-02,Billing,51.06,TRUE,Retained
T400158,C100674,2024-10-12,Other,49.31,TRUE,Retained
T400159,C100646,2024-09-18,Cancel Subscription,0.71,TRUE,Retained
T400160,C100190,2024-09-29,Content Request,41.94,TRUE,Retained
T400161,C100486,2024-12-19,Content Request,3.31,TRUE,Retained
T400162,C100143,2025-08-09,Other,9.8,TRUE,Retained
T400163,C100478,2025-04-03,Streaming Quality,32.66,TRUE,Retained
T400164,C100600,2025-01-13,Content Request,4.21,TRUE,Retained
T400165,C100330,2024-10-06,Streaming Quality,40.89,FALSE,Escalated
T400166,C100381,2025-03-24,Other,42.83,TRUE,Retained
T400167,C100577,2024-11-30,Content Request,17,TRUE,Retained
T400168,C100386,2024-09-20,Login Issue,0.5,TRUE,Retained
T400169,C100674,2025-05-11,Cancel Subscription,8.12,TRUE,Retained
T400170,C100602,2025-02-22,Other,23.03,TRUE,Retained
T400171,C100922,2024-11-23,Other,95.36,TRUE,Retained
T400172,C100034,2024-12-05,Login Issue,23.98,TRUE,Retained
T400173,C100330,2024-11-19,Login Issue,7.22,TRUE,Retained
T400174,C100718,2025-03-17,Streaming Quality,24.12,TRUE,Retained
T400175,C100107,2024-09-13,Cancel Subscription,18.64,TRUE,Retained
T400176,C100644,2025-03-09,Cancel Subscription,36.32,TRUE,Retained
T400177,C100367,2025-03-27,Content Request,2.72,TRUE,Retained
T400178,C100890,2024-11-10,Streaming Quality,34.35,TRUE,Retained
T400179,C100922,2025-04-04,Cancel Subscription,18.7,TRUE,Retained
T400180,C100008,2025-02-16,Other,79.12,TRUE,Retained
T400181,C100162,2025-03-22,Cancel Subscription,10.04,TRUE,Retained
T400182,C100431,2024-08-27,Login Issue,24.03,TRUE,Retained
T400183,C100486,2024-10-26,Billing,64.53,TRUE,Retained
T400184,C100342,2024-11-25,Cancel Subscription,2.6,TRUE,Retained
T400185,C100344,2025-03-04,Billing,66.44,TRUE,Refund
T400186,C100663,2024-09-23,Other,27.95,TRUE,Retained
T400187,C100924,2024-12-27,Login Issue,1.69,TRUE,Retained
T400188,C100102,2025-06-13,Cancel Subscription,8.59,TRUE,Retained
T400189,C100191,2025-05-08,Billing,29.56,TRUE,Retained
T400190,C100935,2024-12-03,Billing,1.67,TRUE,Retained
T400191,C100366,2025-08-06,Cancel Subscription,20.94,FALSE,Escalated
T400192,C100313,2025-02-27,Billing,10.19,TRUE,Retained
T400193,C100166,2024-11-22,Cancel Subscription,23.28,TRUE,Retained
T400194,C100478,2024-12-12,Content Request,1.12,TRUE,Retained
T400195,C100559,2024-11-29,Other,49.25,TRUE,Retained
T400196,C100190,2025-05-18,Streaming Quality,87.12,TRUE,Retained
T400197,C100770,2025-05-10,Other,83.28,TRUE,Retained
T400198,C100022,2025-07-07,Streaming Quality,33.24,TRUE,Retained
T400199,C100449,2024-12-31,Streaming Quality,3.34,TRUE,Retained
T400200,C100828,2024-08-30,Cancel Subscription,34.08,TRUE,Retained
T400201,C100631,2025-03-07,Streaming Quality,0.6,TRUE,Retained
T400202,C100467,2025-06-22,Streaming Quality,0.54,TRUE,Retained
T400203,C100607,2024-12-26,Billing,9.38,TRUE,Retained
T400204,C100589,2025-02-15,Other,16.1,TRUE,Retained
T400205,C100711,2024-09-17,Content Request,35.31,TRUE,Retained
T400206,C100445,2024-08-23,Other,27.59,TRUE,Retained
T400207,C100748,2024-11-07,Billing,14.17,TRUE,Retained
T400208,C100408,2025-05-08,Login Issue,7.67,TRUE,Retained
T400209,C100484,2025-05-02,Billing,140.44,TRUE,Retained
T400210,C100854,2025-06-15,Billing,13.33,TRUE,Refund
T400211,C100249,2025-04-13,Content Request,14.41,TRUE,Retained
T400212,C100258,2025-04-22,Cancel Subscription,4.29,TRUE,Retained
T400213,C100740,2025-03-05,Other,38.01,TRUE,Retained
T400214,C100382,2024-11-26,Other,28.4,TRUE,Retained
T400215,C100615,2025-03-06,Content Request,5.99,TRUE,Retained
T400216,C100345,2025-02-27,Content Request,2.06,TRUE,Retained
T400217,C100494,2024-11-11,Content Request,27.38,TRUE,Retained
T400218,C100694,2024-12-11,Other,25.51,TRUE,Retained
T400219,C100410,2025-06-18,Content Request,7.66,TRUE,Retained
T400220,C100307,2024-08-24,Streaming Quality,72.32,TRUE,Retained
T400221,C100041,2025-03-09,Login Issue,3.93,TRUE,Retained
T400222,C100994,2024-10-01,Streaming Quality,13.59,TRUE,Retained
T400223,C100951,2025-04-24,Billing,69.01,TRUE,Retained
T400224,C100898,2024-10-21,Login Issue,13.06,TRUE,Retained
T400225,C100239,2024-08-30,Login Issue,24.42,TRUE,Retained
T400226,C100781,2025-05-22,Streaming Quality,12.16,TRUE,Retained
T400227,C100957,2025-02-25,Other,7.69,TRUE,Retained
T400228,C100922,2025-05-21,Content Request,99.21,TRUE,Retained
T400229,C100949,2025-05-03,Login Issue,12.64,TRUE,Retained
T400230,C100519,2025-01-19,Content Request,53.89,TRUE,Retained
T400231,C100110,2025-05-14,Billing,6.27,TRUE,Retained
T400232,C100431,2025-05-21,Streaming Quality,5.75,TRUE,Retained
T400233,C100436,2024-10-01,Login Issue,0.76,TRUE,Retained
T400234,C100792,2024-09-04,Content Request,25.31,TRUE,Retained
T400235,C100275,2025-05-21,Streaming Quality,11.03,TRUE,Retained
T400236,C100976,2025-02-24,Streaming Quality,47.95,TRUE,Retained
T400237,C100591,2024-11-18,Login Issue,15.38,TRUE,Retained
T400238,C100410,2024-12-10,Other,82.75,TRUE,Retained
T400239,C100607,2024-09-09,Other,4.93,TRUE,Retained
T400240,C100029,2024-10-09,Billing,48.71,TRUE,Retained
T400241,C100167,2025-01-08,Login Issue,35.97,TRUE,Retained
T400242,C100524,2025-03-25,Content Request,35.37,TRUE,Retained
T400243,C100170,2025-04-14,Billing,44.71,TRUE,Retained
T400244,C100944,2025-03-28,Cancel Subscription,34.35,TRUE,Retained
T400245,C100307,2024-12-11,Login Issue,23.62,TRUE,Retained
T400246,C100907,2025-03-07,Billing,3.38,TRUE,Retained
T400247,C100611,2025-02-01,Cancel Subscription,0.79,TRUE,Retained
T400248,C100988,2025-05-27,Billing,60.87,TRUE,Retained
T400249,C100714,2025-03-06,Cancel Subscription,23.01,TRUE,Retained
T400250,C100965,2025-02-20,Billing,38.21,TRUE,Retained
T400251,C100536,2025-02-09,Other,15.76,TRUE,Retained
T400252,C100203,2025-03-01,Login Issue,2.99,TRUE,Retained
T400253,C100974,2024-12-22,Billing,3.21,TRUE,Retained
T400254,C100995,2025-03-05,Streaming Quality,27.77,TRUE,Retained
T400255,C100581,2025-01-04,Billing,13.5,TRUE,Retained
T400256,C100769,2024-10-25,Cancel Subscription,5.37,TRUE,Retained
T400257,C100142,2025-01-20,Billing,16.24,FALSE,Escalated
T400258,C100133,2025-01-08,Billing,1.59,TRUE,Retained
T400259,C100679,2025-08-07,Login Issue,20.93,TRUE,Retained
T400260,C100341,2025-01-15,Content Request,7.52,TRUE,Retained
T400261,C100807,2025-07-12,Login Issue,38.34,TRUE,Retained
T400262,C100982,2025-01-12,Billing,8.92,TRUE,Retained
T400263,C100055,2025-02-09,Cancel Subscription,14.58,TRUE,Retained
T400264,C100993,2024-09-13,Cancel Subscription,0.5,TRUE,Retained
T400265,C100092,2025-05-30,Login Issue,1.8,TRUE,Retained
T400266,C100316,2024-12-19,Billing,11.96,TRUE,Retained
T400267,C100811,2025-03-22,Streaming Quality,15.69,TRUE,Retained
T400268,C100784,2025-07-31,Streaming Quality,21.99,TRUE,Retained
T400269,C100144,2024-08-14,Other,8.28,TRUE,Retained
T400270,C100820,2025-04-28,Cancel Subscription,28.5,TRUE,Retained
T400271,C100354,2025-04-25,Content Request,47.21,TRUE,Retained
T400272,C100469,2024-09-05,Streaming Quality,36.32,TRUE,Retained
T400273,C100405,2025-03-31,Cancel Subscription,0.97,TRUE,Retained
T400274,C100169,2025-03-12,Streaming Quality,15.72,TRUE,Retained
T400275,C100471,2025-01-30,Login Issue,2.66,TRUE,Retained
T400276,C100000,2025-07-28,Billing,6.65,TRUE,Retained
T400277,C100674,2025-02-26,Other,103.61,TRUE,Retained
T400278,C100151,2025-01-03,Streaming Quality,3.69,TRUE,Retained
T400279,C100205,2025-01-26,Cancel Subscription,16.58,TRUE,Retained
T400280,C100904,2025-02-24,Login Issue,23.11,TRUE,Retained
T400281,C100176,2024-10-28,Cancel Subscription,29.09,TRUE,Retained
T400282,C100308,2024-10-27,Streaming Quality,19.68,TRUE,Retained
T400283,C100314,2025-04-29,Content Request,0.5,TRUE,Retained
T400284,C100082,2025-04-21,Other,9.49,TRUE,Retained
T400285,C100189,2024-09-27,Streaming Quality,17.5,TRUE,Retained
T400286,C100241,2024-11-25,Cancel Subscription,2.21,TRUE,Retained
T400287,C100878,2024-12-27,Streaming Quality,10.36,TRUE,Retained
T400288,C100208,2025-03-22,Content Request,0.81,TRUE,Retained
T400289,C100447,2025-06-16,Billing,1.96,TRUE,Retained
T400290,C100092,2025-07-02,Cancel Subscription,12.14,TRUE,Retained
T400291,C100741,2025-04-07,Billing,3.42,TRUE,Retained
T400292,C100250,2025-05-19,Cancel Subscription,20.12,TRUE,Retained
T400293,C100157,2025-02-24,Billing,28.07,TRUE,Retained
T400294,C100701,2024-12-07,Login Issue,38.7,TRUE,Retained
T400295,C100568,2024-10-10,Login Issue,5.36,FALSE,Escalated
T400296,C100865,2024-12-12,Billing,4.4,TRUE,Retained
T400297,C100794,2025-07-17,Login Issue,2.65,TRUE,Retained
T400298,C100383,2024-09-06,Other,24.28,TRUE,Retained
T400299,C100005,2025-01-22,Streaming Quality,29.42,TRUE,Retained
T400300,C100488,2024-08-22,Cancel Subscription,0.77,TRUE,Retained
T400301,C100163,2024-08-13,Cancel Subscription,66.05,TRUE,Retained
T400302,C100352,2024-12-03,Streaming Quality,1.28,TRUE,Retained
T400303,C100102,2025-04-04,Billing,18.7,TRUE,Retained
T400304,C100482,2025-03-19,Content Request,29.63,TRUE,Retained
T400305,C100563,2024-10-03,Streaming Quality,49.14,TRUE,Retained
T400306,C100703,2024-10-13,Cancel Subscription,30.05,TRUE,Retained
T400307,C100403,2025-01-29,Streaming Quality,38.83,TRUE,Retained
T400308,C100715,2025-07-10,Cancel Subscription,9.95,TRUE,Retained
T400309,C100217,2025-06-19,Login Issue,40.47,TRUE,Retained
T400310,C100934,2025-07-12,Content Request,2,TRUE,Retained
T400311,C100483,2024-09-16,Other,54.05,TRUE,Retained
T400312,C100684,2025-02-15,Cancel Subscription,19.04,TRUE,Retained
T400313,C100385,2025-03-21,Content Request,40.8,TRUE,Retained
T400314,C100851,2024-11-07,Content Request,14.45,TRUE,Retained
T400315,C100474,2025-02-01,Billing,24.76,TRUE,Retained
T400316,C100723,2024-12-28,Other,17.94,TRUE,Retained
T400317,C100248,2025-03-17,Cancel Subscription,31.57,TRUE,Retained
T400318,C100781,2025-06-14,Billing,2.04,TRUE,Retained
T400319,C100938,2024-12-11,Login Issue,1.49,TRUE,Retained
T400320,C100098,2025-06-02,Streaming Quality,6.81,TRUE,Retained
T400321,C100396,2025-07-03,Login Issue,4.17,TRUE,Retained
T400322,C100131,2025-02-24,Streaming Quality,49.3,TRUE,Retained
T400323,C100325,2025-01-10,Streaming Quality,5.94,TRUE,Retained
T400324,C100781,2025-05-24,Content Request,89.38,TRUE,Retained
T400325,C100957,2025-05-24,Streaming Quality,9.86,FALSE,Escalated
T400326,C100136,2024-10-12,Content Request,4.82,TRUE,Retained
T400327,C100409,2025-03-09,Billing,37.42,TRUE,Retained
T400328,C100791,2024-10-20,Login Issue,25.8,TRUE,Retained
T400329,C100334,2025-04-29,Billing,16.55,TRUE,Retained
T400330,C100919,2024-10-26,Content Request,19.45,TRUE,Retained
T400331,C100289,2025-06-25,Other,30.48,FALSE,Escalated
T400332,C100839,2024-12-28,Other,6.22,TRUE,Retained
T400333,C100690,2025-04-06,Cancel Subscription,134.61,TRUE,Retained
T400334,C100747,2025-02-23,Billing,88.34,TRUE,Retained
T400335,C100893,2024-10-20,Cancel Subscription,25.22,TRUE,Retained
T400336,C100434,2024-11-03,Billing,5.34,TRUE,Retained
T400337,C100611,2024-09-05,Other,27.36,TRUE,Retained
T400338,C100403,2025-03-29,Other,1.8,TRUE,Retained
T400339,C100546,2024-10-28,Login Issue,0.75,TRUE,Retained
T400340,C100073,2024-11-11,Cancel Subscription,7.15,TRUE,Retained
T400341,C100355,2025-03-13,Cancel Subscription,14.91,TRUE,Retained
T400342,C100500,2024-08-21,Cancel Subscription,48.65,TRUE,Retained
T400343,C100685,2025-07-29,Other,31.17,TRUE,Retained
T400344,C100758,2025-05-30,Cancel Subscription,32.58,TRUE,Retained
T400345,C100993,2025-07-06,Cancel Subscription,13.3,TRUE,Retained
T400346,C100600,2024-08-16,Content Request,10.19,TRUE,Retained
T400347,C100027,2024-08-10,Cancel Subscription,11.13,TRUE,Retained
T400348,C100227,2025-03-02,Other,105.46,TRUE,Retained
T400349,C100906,2025-02-06,Streaming Quality,0.98,TRUE,Retained
T400350,C100623,2024-12-24,Login Issue,48.42,TRUE,Retained
T400351,C100182,2025-04-22,Login Issue,20.74,TRUE,Retained
T400352,C100786,2025-05-07,Streaming Quality,13.86,TRUE,Retained
T400353,C100240,2025-02-26,Content Request,31.01,TRUE,Retained
T400354,C100377,2024-12-13,Streaming Quality,16,TRUE,Retained
T400355,C100370,2025-04-15,Login Issue,49.61,TRUE,Retained
T400356,C100348,2024-12-17,Other,55.43,TRUE,Retained
T400357,C100513,2025-02-05,Content Request,13.14,TRUE,Retained
T400358,C100842,2025-02-20,Content Request,7.78,TRUE,Retained
T400359,C100001,2025-04-30,Content Request,21.54,TRUE,Retained
T400360,C100625,2024-08-28,Content Request,58.43,TRUE,Retained
T400361,C100613,2024-08-14,Billing,5.68,TRUE,Retained
T400362,C100769,2025-03-30,Content Request,23.41,TRUE,Retained
T400363,C100407,2025-04-01,Billing,23.96,TRUE,Retained
T400364,C100936,2024-10-04,Content Request,31.7,TRUE,Retained
T400365,C100079,2025-07-29,Billing,3.39,TRUE,Retained
T400366,C100661,2025-05-30,Login Issue,30.2,TRUE,Retained
T400367,C100235,2025-06-09,Cancel Subscription,57.53,TRUE,Retained
T400368,C100141,2024-09-15,Content Request,4.75,TRUE,Retained
T400369,C100511,2025-01-11,Cancel Subscription,6.51,TRUE,Retained
T400370,C100192,2025-01-03,Content Request,85.3,TRUE,Retained
T400371,C100045,2025-01-19,Login Issue,4.79,TRUE,Retained
T400372,C100216,2024-12-03,Content Request,46.24,TRUE,Retained
T400373,C100309,2025-07-16,Login Issue,16.27,TRUE,Retained
T400374,C100445,2024-11-12,Other,6.82,TRUE,Retained
T400375,C100095,2025-07-10,Other,49.1,TRUE,Retained
T400376,C100347,2024-11-20,Billing,14.14,TRUE,Retained
T400377,C100393,2025-01-30,Cancel Subscription,17.36,TRUE,Retained
T400378,C100669,2025-08-01,Billing,10.68,TRUE,Retained
T400379,C100184,2024-10-24,Streaming Quality,21.57,TRUE,Retained
T400380,C100435,2024-12-29,Billing,4.29,TRUE,Retained
T400381,C100154,2025-07-24,Login Issue,11.91,TRUE,Retained
T400382,C100291,2024-11-24,Cancel Subscription,83.69,TRUE,Retained
T400383,C100318,2025-02-23,Other,7.17,TRUE,Retained
T400384,C100396,2024-11-07,Cancel Subscription,25.66,FALSE,Escalated
T400385,C100691,2024-12-01,Cancel Subscription,9.44,TRUE,Retained
T400386,C100840,2025-03-18,Streaming Quality,35.64,TRUE,Retained
T400387,C100492,2024-10-19,Other,3.37,TRUE,Retained
T400388,C100035,2025-02-20,Login Issue,84.01,TRUE,Retained
T400389,C100267,2024-09-19,Other,14.51,TRUE,Retained
T400390,C100981,2025-07-06,Billing,6.46,TRUE,Retained
T400391,C100977,2025-07-02,Cancel Subscription,1.83,TRUE,Retained
T400392,C100431,2024-10-24,Billing,4.46,TRUE,Retained
T400393,C100183,2025-06-23,Billing,17.6,TRUE,Retained
T400394,C100167,2024-10-28,Login Issue,9.86,TRUE,Retained
T400395,C100407,2025-06-13,Content Request,42.37,TRUE,Retained
T400396,C100698,2024-11-10,Streaming Quality,13.53,TRUE,Retained
T400397,C100529,2025-05-20,Login Issue,6.86,TRUE,Retained
T400398,C100854,2024-11-20,Cancel Subscription,23.04,TRUE,Retained
T400399,C100108,2025-06-26,Billing,29.44,TRUE,Retained
T400400,C100476,2024-10-20,Other,4.39,TRUE,Retained
T400401,C100825,2024-12-13,Content Request,4.4,TRUE,Retained
T400402,C100084,2024-10-01,Other,0.9,TRUE,Retained
T400403,C100354,2024-09-11,Cancel Subscription,32,FALSE,Escalated
T400404,C100702,2025-05-04,Cancel Subscription,26.16,TRUE,Retained
T400405,C100750,2025-07-03,Streaming Quality,15.45,TRUE,Retained
T400406,C100103,2024-08-24,Cancel Subscription,44.62,TRUE,Retained
T400407,C100671,2025-01-01,Login Issue,39.32,TRUE,Retained
T400408,C100883,2025-03-21,Other,21.13,TRUE,Retained
T400409,C100414,2024-12-14,Other,48.65,TRUE,Retained
T400410,C100822,2024-12-21,Billing,5.53,TRUE,Retained
T400411,C100826,2025-05-24,Streaming Quality,2.85,TRUE,Retained
T400412,C100012,2024-09-10,Billing,7.54,TRUE,Refund
T400413,C100164,2025-02-21,Content Request,1.41,TRUE,Retained
T400414,C100326,2025-07-03,Streaming Quality,18.18,TRUE,Retained
T400415,C100131,2025-05-08,Streaming Quality,66.2,TRUE,Retained
T400416,C100588,2024-09-12,Other,0.96,TRUE,Retained
T400417,C100519,2024-10-19,Login Issue,3.13,TRUE,Retained
T400418,C100393,2025-02-17,Billing,14.44,TRUE,Refund
T400419,C100702,2024-12-20,Other,65.19,TRUE,Retained
T400420,C100465,2024-11-12,Streaming Quality,9.12,TRUE,Retained
T400421,C100011,2024-08-20,Content Request,16.99,TRUE,Retained
T400422,C100497,2024-12-31,Streaming Quality,1.02,TRUE,Retained
T400423,C100669,2025-07-30,Cancel Subscription,3.85,TRUE,Retained
T400424,C100982,2025-01-16,Other,103.55,TRUE,Retained
T400425,C100686,2024-10-19,Cancel Subscription,80.54,TRUE,Retained
T400426,C100411,2025-03-12,Billing,0.5,TRUE,Retained
T400427,C100432,2025-08-06,Billing,72.78,TRUE,Retained
T400428,C100789,2024-09-24,Content Request,24.46,TRUE,Retained
T400429,C100055,2025-01-22,Streaming Quality,48.58,TRUE,Retained
T400430,C100310,2025-07-31,Other,14.56,TRUE,Retained
T400431,C100435,2025-08-05,Billing,17.4,TRUE,Retained
T400432,C100264,2025-04-16,Login Issue,16.11,TRUE,Retained
T400433,C100759,2025-02-25,Billing,26.38,TRUE,Retained
T400434,C100649,2025-01-03,Streaming Quality,3.61,TRUE,Retained
T400435,C100118,2025-05-24,Other,0.73,TRUE,Retained
T400436,C100618,2025-03-30,Login Issue,8.83,TRUE,Retained
T400437,C100826,2025-04-17,Streaming Quality,29.27,TRUE,Retained
T400438,C100821,2024-10-14,Content Request,5.41,TRUE,Retained
T400439,C100930,2024-08-29,Streaming Quality,26.86,TRUE,Retained
T400440,C100461,2025-02-23,Login Issue,84.09,TRUE,Retained
T400441,C100514,2024-11-10,Content Request,2.37,TRUE,Retained
T400442,C100381,2024-12-18,Billing,26.8,TRUE,Retained
T400443,C100799,2024-09-09,Streaming Quality,14.08,TRUE,Retained
T400444,C100484,2024-09-03,Streaming Quality,48.62,TRUE,Retained
T400445,C100729,2025-04-29,Cancel Subscription,4.68,TRUE,Retained
T400446,C100343,2024-10-19,Streaming Quality,28.31,TRUE,Retained
T400447,C100864,2025-02-09,Cancel Subscription,43.7,TRUE,Retained
T400448,C100547,2024-10-18,Other,69.44,TRUE,Retained
T400449,C100995,2025-05-23,Login Issue,27.59,TRUE,Retained
T400450,C100373,2025-05-05,Content Request,16.5,TRUE,Retained
T400451,C100114,2025-05-26,Other,23.09,TRUE,Retained
T400452,C100804,2025-04-26,Cancel Subscription,48.76,TRUE,Retained
T400453,C100183,2025-03-05,Other,20.29,TRUE,Retained
T400454,C100434,2025-05-09,Other,0.74,TRUE,Retained
T400455,C100544,2025-06-19,Login Issue,64.15,TRUE,Retained
T400456,C100777,2025-07-27,Streaming Quality,28.07,TRUE,Retained
T400457,C100392,2024-11-09,Other,27.09,TRUE,Retained
T400458,C100891,2024-10-05,Other,5.83,TRUE,Retained
T400459,C100690,2025-07-20,Login Issue,25.81,TRUE,Retained
T400460,C100081,2025-06-05,Content Request,12.02,TRUE,Retained
T400461,C100153,2024-11-06,Other,25.28,TRUE,Retained
T400462,C100007,2025-02-12,Billing,2.71,TRUE,Retained
T400463,C100345,2025-07-05,Content Request,25.74,TRUE,Retained
T400464,C100970,2025-02-23,Content Request,178.6,TRUE,Retained
T400465,C100956,2025-03-01,Content Request,1.19,TRUE,Retained
T400466,C100724,2025-04-14,Login Issue,90.72,TRUE,Retained
T400467,C100604,2024-09-07,Streaming Quality,12.54,TRUE,Retained
T400468,C100264,2025-04-25,Content Request,49.1,TRUE,Retained
T400469,C100202,2025-04-28,Login Issue,36.6,TRUE,Retained
T400470,C100527,2025-03-07,Cancel Subscription,20.09,TRUE,Retained
T400471,C100832,2025-05-18,Billing,32.19,TRUE,Retained
T400472,C100629,2025-01-04,Other,50.59,TRUE,Retained
T400473,C100745,2025-03-24,Other,12.43,TRUE,Retained
T400474,C100893,2025-04-12,Content Request,9.51,FALSE,Escalated
T400475,C100465,2025-04-20,Billing,26.43,TRUE,Retained
T400476,C100445,2025-02-09,Other,39.59,TRUE,Retained
T400477,C100049,2025-07-27,Content Request,34.48,TRUE,Retained
T400478,C100475,2025-05-31,Streaming Quality,38.37,TRUE,Retained
T400479,C100288,2024-12-27,Other,13.73,TRUE,Retained
T400480,C100040,2025-06-07,Other,40.87,TRUE,Retained
T400481,C100124,2025-01-29,Streaming Quality,3.07,TRUE,Retained
T400482,C100888,2025-07-27,Billing,18.87,FALSE,Escalated
T400483,C100501,2024-12-25,Other,0.5,TRUE,Retained
T400484,C100471,2025-04-25,Billing,9.42,TRUE,Retained
T400485,C100375,2025-01-27,Billing,10.95,TRUE,Retained
T400486,C100051,2025-07-15,Streaming Quality,12.11,TRUE,Retained
T400487,C100910,2024-12-24,Content Request,28.54,TRUE,Retained
T400488,C100613,2024-12-28,Billing,11.81,TRUE,Refund
T400489,C100702,2025-01-17,Streaming Quality,14.29,TRUE,Retained
T400490,C100378,2025-04-30,Cancel Subscription,6.51,TRUE,Retained
T400491,C100258,2025-04-26,Login Issue,11.21,TRUE,Retained
T400492,C100435,2025-01-27,Streaming Quality,6.19,FALSE,Escalated
T400493,C100345,2024-10-11,Other,1.82,TRUE,Retained
T400494,C100691,2025-06-07,Login Issue,22.2,TRUE,Retained
T400495,C100303,2025-06-23,Other,26.48,TRUE,Retained
T400496,C100785,2025-05-12,Other,23.19,TRUE,Retained
T400497,C100838,2024-11-23,Other,14.94,TRUE,Retained
T400498,C100024,2024-10-17,Content Request,11.46,TRUE,Retained
T400499,C100555,2024-11-18,Login Issue,47.77,TRUE,Retained
T400500,C100273,2025-06-08,Cancel Subscription,17.57,TRUE,Retained
T400501,C100183,2025-05-18,Login Issue,15.66,TRUE,Retained
T400502,C100300,2025-04-24,Login Issue,0.62,TRUE,Retained
T400503,C100365,2025-06-09,Cancel Subscription,10.02,TRUE,Retained
T400504,C100427,2024-12-02,Login Issue,11.48,TRUE,Retained
T400505,C100017,2024-10-04,Billing,12.21,TRUE,Retained
T400506,C100457,2025-02-07,Billing,20.83,TRUE,Retained
T400507,C100332,2025-02-28,Content Request,18.31,TRUE,Retained
T400508,C100304,2025-01-09,Streaming Quality,22.47,TRUE,Retained
T400509,C100651,2025-05-04,Billing,34.74,TRUE,Retained
T400510,C100036,2025-04-24,Cancel Subscription,40.24,TRUE,Retained
T400511,C100610,2025-06-24,Content Request,30.39,TRUE,Retained
T400512,C100114,2024-11-23,Streaming Quality,74.71,TRUE,Retained
T400513,C100365,2025-02-06,Streaming Quality,0.5,TRUE,Retained
T400514,C100749,2024-12-08,Cancel Subscription,5.23,FALSE,Escalated
T400515,C100037,2025-04-01,Billing,0.5,TRUE,Retained
T400516,C100544,2024-11-22,Content Request,25.02,TRUE,Retained
T400517,C100756,2025-06-13,Content Request,54.79,TRUE,Retained
T400518,C100405,2024-12-19,Billing,6.7,TRUE,Retained
T400519,C100254,2025-08-01,Billing,62.83,TRUE,Retained
T400520,C100179,2025-08-06,Streaming Quality,1.49,TRUE,Retained
T400521,C100086,2025-01-27,Billing,65.39,TRUE,Retained
T400522,C100547,2025-01-06,Content Request,10.4,TRUE,Retained
T400523,C100096,2025-01-17,Streaming Quality,2.57,TRUE,Retained
T400524,C100129,2025-06-19,Billing,15.97,TRUE,Retained
T400525,C100744,2025-02-09,Other,7.12,TRUE,Retained
T400526,C100148,2025-02-06,Billing,8.05,TRUE,Retained
T400527,C100648,2025-03-04,Streaming Quality,8.81,FALSE,Escalated
T400528,C100505,2025-07-07,Content Request,38.99,TRUE,Retained
T400529,C100441,2024-12-30,Cancel Subscription,18.59,FALSE,Escalated
T400530,C100914,2024-09-10,Login Issue,8.95,TRUE,Retained
T400531,C100281,2025-03-09,Content Request,22.62,TRUE,Retained
T400532,C100353,2025-04-14,Other,30.22,TRUE,Retained
T400533,C100995,2024-08-15,Streaming Quality,7.64,TRUE,Retained
T400534,C100469,2025-06-27,Content Request,12.81,TRUE,Retained
T400535,C100705,2024-09-10,Cancel Subscription,3.12,TRUE,Retained
T400536,C100632,2024-09-14,Billing,4.8,TRUE,Retained
T400537,C100249,2025-01-22,Other,27.43,TRUE,Retained
T400538,C100940,2024-12-11,Cancel Subscription,4.8,TRUE,Retained
T400539,C100845,2025-08-01,Streaming Quality,17.87,TRUE,Retained
T400540,C100925,2025-03-22,Streaming Quality,29.63,TRUE,Retained
T400541,C100854,2024-09-12,Other,2.71,TRUE,Retained
T400542,C100954,2025-02-25,Login Issue,20.11,TRUE,Retained
T400543,C100750,2025-07-17,Billing,7.12,TRUE,Retained
T400544,C100840,2025-05-29,Cancel Subscription,79.08,TRUE,Retained
T400545,C100536,2025-04-04,Billing,15.86,TRUE,Retained
T400546,C100582,2025-05-11,Streaming Quality,39.36,TRUE,Retained
T400547,C100469,2024-10-24,Login Issue,19.18,TRUE,Retained
T400548,C100041,2025-08-05,Login Issue,1.07,TRUE,Retained
T400549,C100078,2025-06-05,Streaming Quality,24.07,TRUE,Retained
T400550,C100334,2024-11-17,Login Issue,72.58,TRUE,Retained
T400551,C100381,2025-05-22,Content Request,22.09,TRUE,Retained
T400552,C100039,2025-05-30,Streaming Quality,41.05,TRUE,Retained
T400553,C100150,2024-08-19,Other,51.74,TRUE,Retained
T400554,C100623,2024-12-12,Billing,6.21,TRUE,Retained
T400555,C100741,2025-07-21,Content Request,5.72,TRUE,Retained
T400556,C100653,2025-07-09,Content Request,22.66,TRUE,Retained
T400557,C100831,2024-10-08,Streaming Quality,12.71,TRUE,Retained
T400558,C100903,2025-04-24,Login Issue,43.96,TRUE,Retained
T400559,C100103,2024-09-05,Cancel Subscription,55.27,TRUE,Retained
T400560,C100391,2025-03-12,Billing,10.47,TRUE,Retained
T400561,C100524,2025-01-31,Streaming Quality,6.49,TRUE,Retained
T400562,C100742,2024-09-27,Streaming Quality,36.4,TRUE,Retained
T400563,C100080,2025-01-09,Other,7.71,TRUE,Retained
T400564,C100345,2025-05-21,Streaming Quality,41.51,TRUE,Retained
T400565,C100949,2025-01-07,Login Issue,13.23,TRUE,Retained
T400566,C100652,2025-05-13,Other,26.43,TRUE,Retained
T400567,C100767,2025-05-12,Other,2.41,TRUE,Retained
T400568,C100309,2024-11-17,Content Request,23.47,TRUE,Retained
T400569,C100432,2025-05-24,Billing,14.43,TRUE,Retained
T400570,C100410,2024-09-01,Content Request,21.2,FALSE,Escalated
T400571,C100022,2025-05-09,Billing,4.41,TRUE,Retained
T400572,C100188,2025-02-04,Streaming Quality,32.04,TRUE,Retained
T400573,C100973,2025-06-14,Cancel Subscription,47.67,TRUE,Retained
T400574,C100764,2025-05-18,Cancel Subscription,5.86,TRUE,Retained
T400575,C100263,2025-07-25,Login Issue,2.41,TRUE,Retained
T400576,C100738,2024-11-28,Cancel Subscription,0.57,TRUE,Retained
T400577,C100668,2025-04-27,Streaming Quality,24.65,TRUE,Retained
T400578,C100760,2025-03-06,Streaming Quality,22.42,TRUE,Retained
T400579,C100904,2025-01-15,Cancel Subscription,18.99,TRUE,Retained
T400580,C100081,2024-09-23,Login Issue,6.33,TRUE,Retained
T400581,C100856,2025-01-30,Billing,11.9,TRUE,Retained
T400582,C100934,2025-03-27,Billing,21.66,TRUE,Retained
T400583,C100443,2024-09-25,Other,16.48,TRUE,Retained
T400584,C100988,2025-02-26,Billing,105.72,TRUE,Retained
T400585,C100119,2025-07-26,Content Request,3.52,TRUE,Retained
T400586,C100812,2025-07-27,Cancel Subscription,28.51,TRUE,Retained
T400587,C100196,2025-02-21,Cancel Subscription,12.43,TRUE,Retained
T400588,C100584,2025-07-26,Billing,13.42,TRUE,Retained
T400589,C100267,2024-12-12,Cancel Subscription,30.35,TRUE,Retained
T400590,C100310,2025-07-23,Other,28.3,FALSE,Escalated
T400591,C100630,2025-05-28,Streaming Quality,113.75,TRUE,Retained
T400592,C100526,2025-01-13,Other,3.3,TRUE,Retained
T400593,C100552,2025-07-17,Login Issue,2.64,TRUE,Retained
T400594,C100874,2024-11-06,Login Issue,30.93,TRUE,Retained
T400595,C100812,2025-01-28,Billing,20.73,TRUE,Retained
T400596,C100249,2024-10-07,Streaming Quality,7.69,TRUE,Retained
T400597,C100710,2024-11-14,Billing,1.99,TRUE,Retained
T400598,C100818,2025-05-15,Other,2.15,TRUE,Retained
T400599,C100050,2025-05-21,Streaming Quality,53.91,TRUE,Retained
T400600,C100383,2025-06-19,Billing,5.11,TRUE,Retained
T400601,C100587,2025-08-02,Content Request,9.38,TRUE,Retained
T400602,C100484,2025-02-12,Billing,6.17,TRUE,Retained
T400603,C100220,2025-04-17,Cancel Subscription,10.52,TRUE,Retained
T400604,C100778,2025-06-23,Billing,1.73,TRUE,Retained
T400605,C100957,2025-01-07,Content Request,17.57,TRUE,Retained
T400606,C100447,2025-07-07,Cancel Subscription,1.68,TRUE,Retained
T400607,C100281,2025-06-13,Billing,38.67,TRUE,Retained
T400608,C100764,2024-12-09,Streaming Quality,6.39,TRUE,Retained
T400609,C100705,2024-12-15,Other,18.64,TRUE,Retained
T400610,C100796,2025-01-09,Billing,50.9,TRUE,Retained
T400611,C100190,2024-11-08,Cancel Subscription,25.26,TRUE,Retained
T400612,C100283,2024-12-27,Cancel Subscription,18.27,TRUE,Retained
T400613,C100513,2025-06-02,Billing,9.41,TRUE,Retained
T400614,C100687,2024-10-05,Billing,9.72,TRUE,Refund
T400615,C100046,2024-09-17,Other,26.57,TRUE,Retained
T400616,C100619,2025-08-09,Content Request,123.35,TRUE,Retained
T400617,C100408,2025-03-03,Cancel Subscription,26.02,TRUE,Retained
T400618,C100931,2024-12-09,Other,19.58,TRUE,Retained
T400619,C100185,2024-12-12,Content Request,31.48,TRUE,Retained
T400620,C100694,2025-03-31,Login Issue,15.02,TRUE,Retained
T400621,C100291,2025-06-05,Other,1.49,FALSE,Escalated
T400622,C100279,2025-02-25,Cancel Subscription,19.83,TRUE,Retained
T400623,C100005,2024-09-07,Content Request,75.87,TRUE,Retained
T400624,C100416,2024-11-06,Content Request,4.63,TRUE,Retained
T400625,C100212,2025-02-03,Other,28.11,TRUE,Retained
T400626,C100019,2024-09-29,Streaming Quality,5.38,TRUE,Retained
T400627,C100800,2024-09-01,Other,18.42,TRUE,Retained
T400628,C100424,2025-06-21,Content Request,2.44,TRUE,Retained
T400629,C100672,2024-12-08,Cancel Subscription,14.36,TRUE,Retained
T400630,C100132,2024-11-30,Login Issue,33.87,TRUE,Retained
T400631,C100281,2024-10-21,Login Issue,10.25,TRUE,Retained
T400632,C100273,2025-05-01,Other,26.24,TRUE,Retained
T400633,C100473,2025-06-06,Content Request,38.09,TRUE,Retained
T400634,C100613,2025-04-19,Content Request,62.87,TRUE,Retained
T400635,C100809,2024-11-19,Streaming Quality,6.42,TRUE,Retained
T400636,C100999,2025-06-04,Content Request,12.23,TRUE,Retained
T400637,C100650,2025-05-28,Cancel Subscription,3.97,TRUE,Retained
T400638,C100325,2025-04-16,Login Issue,117.38,TRUE,Retained
T400639,C100099,2024-09-06,Streaming Quality,62.82,TRUE,Retained
T400640,C100226,2025-06-28,Streaming Quality,18.63,TRUE,Retained
T400641,C100230,2025-06-22,Login Issue,44.29,TRUE,Retained
T400642,C100018,2025-01-15,Other,17.66,TRUE,Retained
T400643,C100726,2025-03-18,Other,23.45,TRUE,Retained
T400644,C100332,2024-09-29,Streaming Quality,2.24,TRUE,Retained
T400645,C100226,2025-06-17,Content Request,33.78,TRUE,Retained
T400646,C100065,2025-04-04,Login Issue,3.28,TRUE,Retained
T400647,C100626,2025-04-16,Streaming Quality,41.98,TRUE,Retained
T400648,C100294,2025-04-03,Login Issue,36.56,TRUE,Retained
T400649,C100745,2025-05-07,Other,29.61,TRUE,Retained
T400650,C100729,2024-09-06,Billing,0.88,TRUE,Retained
T400651,C100623,2025-03-08,Content Request,8.67,TRUE,Retained
T400652,C100846,2025-02-22,Login Issue,7.33,TRUE,Retained
T400653,C100471,2024-08-11,Streaming Quality,10.72,TRUE,Retained
T400654,C100602,2024-12-16,Billing,2.2,TRUE,Retained
T400655,C100430,2024-09-01,Content Request,66.33,FALSE,Escalated
T400656,C100650,2024-10-11,Content Request,19.37,TRUE,Retained
T400657,C100609,2024-11-16,Other,8.75,TRUE,Retained
T400658,C100336,2024-11-18,Cancel Subscription,12.14,TRUE,Retained
T400659,C100554,2024-10-18,Streaming Quality,14.23,TRUE,Retained
T400660,C100398,2025-03-26,Content Request,22.03,TRUE,Retained
T400661,C100487,2025-06-03,Streaming Quality,17.4,TRUE,Retained
T400662,C100952,2025-02-23,Other,60.44,TRUE,Retained
T400663,C100571,2025-01-05,Login Issue,16.49,TRUE,Retained
T400664,C100012,2025-01-30,Streaming Quality,116.36,TRUE,Retained
T400665,C100351,2024-09-05,Content Request,45.76,TRUE,Retained
T400666,C100348,2025-05-27,Content Request,5.61,TRUE,Retained
T400667,C100327,2024-10-17,Content Request,64.03,TRUE,Retained
T400668,C100354,2025-07-23,Content Request,2.97,TRUE,Retained
T400669,C100842,2025-01-24,Other,40.82,TRUE,Retained
T400670,C100455,2024-09-20,Content Request,11.5,TRUE,Retained
T400671,C100155,2025-07-16,Content Request,50.48,TRUE,Retained
T400672,C100473,2025-04-30,Content Request,48.61,TRUE,Retained
T400673,C100874,2025-05-08,Content Request,39.35,TRUE,Retained
T400674,C100760,2025-08-02,Login Issue,37.46,TRUE,Retained
T400675,C100510,2025-05-28,Login Issue,8.72,TRUE,Retained
T400676,C100215,2024-09-19,Login Issue,2.03,TRUE,Retained
T400677,C100545,2025-07-23,Other,12.38,TRUE,Retained
T400678,C100714,2025-04-10,Content Request,4.57,TRUE,Retained
T400679,C100174,2025-05-19,Streaming Quality,28.49,TRUE,Retained
T400680,C100689,2025-01-18,Other,10.2,TRUE,Retained
T400681,C100399,2025-02-25,Cancel Subscription,89.13,TRUE,Retained
T400682,C100261,2025-08-04,Streaming Quality,24.58,TRUE,Retained
T400683,C100412,2024-10-21,Streaming Quality,41.49,TRUE,Retained
T400684,C100033,2024-12-06,Streaming Quality,3.41,TRUE,Retained
T400685,C100676,2024-12-05,Other,47.53,TRUE,Retained
T400686,C100872,2025-02-14,Streaming Quality,61.46,TRUE,Retained
T400687,C100585,2025-05-05,Cancel Subscription,16.02,TRUE,Retained
T400688,C100990,2024-09-22,Streaming Quality,22.37,TRUE,Retained
T400689,C100080,2024-10-18,Other,34.74,TRUE,Retained
T400690,C100646,2025-01-14,Other,4.61,TRUE,Retained
T400691,C100498,2024-12-21,Cancel Subscription,16.76,TRUE,Retained
T400692,C100574,2025-04-22,Login Issue,12.21,TRUE,Retained
T400693,C100353,2024-12-20,Content Request,3.8,TRUE,Retained
T400694,C100085,2024-09-25,Cancel Subscription,11,TRUE,Retained
T400695,C100212,2025-03-28,Content Request,1.69,FALSE,Escalated
T400696,C100765,2024-11-03,Login Issue,0.63,TRUE,Retained
T400697,C100542,2024-12-27,Other,3.49,TRUE,Retained
T400698,C100378,2025-06-10,Login Issue,79.2,TRUE,Retained
T400699,C100311,2025-03-19,Streaming Quality,19.14,TRUE,Retained
T400700,C100298,2024-09-08,Content Request,81.03,TRUE,Retained
T400701,C100768,2024-11-19,Streaming Quality,13.6,TRUE,Retained
T400702,C100322,2025-02-18,Content Request,8.97,TRUE,Retained
T400703,C100462,2025-02-18,Billing,16.93,TRUE,Retained
T400704,C100690,2025-05-06,Cancel Subscription,13.89,TRUE,Retained
T400705,C100478,2025-04-01,Other,2.68,TRUE,Retained
T400706,C100030,2025-02-16,Content Request,24.57,TRUE,Retained
T400707,C100159,2024-12-03,Login Issue,5.84,TRUE,Retained
T400708,C100639,2024-11-01,Cancel Subscription,23.2,TRUE,Retained
T400709,C100598,2024-12-19,Content Request,25.21,TRUE,Retained
T400710,C100170,2024-09-04,Billing,3.96,TRUE,Retained
T400711,C100639,2025-06-21,Streaming Quality,1.52,TRUE,Retained
T400712,C100360,2024-09-01,Streaming Quality,36.42,TRUE,Retained
T400713,C100578,2025-02-15,Login Issue,14.78,FALSE,Escalated
T400714,C100441,2024-11-17,Cancel Subscription,1.44,TRUE,Retained
T400715,C100425,2025-03-28,Streaming Quality,126.53,TRUE,Retained
T400716,C100783,2025-07-08,Other,1.43,TRUE,Retained
T400717,C100023,2025-02-03,Content Request,28.5,TRUE,Retained
T400718,C100769,2025-01-03,Cancel Subscription,98.77,TRUE,Retained
T400719,C100996,2024-09-15,Content Request,6.56,TRUE,Retained
T400720,C100290,2025-07-27,Streaming Quality,3.68,TRUE,Retained
T400721,C100569,2024-11-04,Content Request,3.11,TRUE,Retained
T400722,C100761,2025-06-06,Billing,8.67,TRUE,Retained
T400723,C100502,2025-06-22,Other,2.56,TRUE,Retained
T400724,C100240,2025-04-15,Streaming Quality,28.28,TRUE,Retained
T400725,C100384,2024-12-18,Content Request,1.54,TRUE,Retained
T400726,C100943,2025-06-14,Cancel Subscription,17.09,FALSE,Escalated
T400727,C100550,2025-06-09,Other,137.11,TRUE,Retained
T400728,C100134,2024-11-01,Streaming Quality,40.36,TRUE,Retained
T400729,C100387,2024-08-10,Login Issue,22.92,TRUE,Retained
T400730,C100621,2025-03-11,Other,8.78,TRUE,Retained
T400731,C100971,2025-06-06,Other,23.47,TRUE,Retained
T400732,C100870,2025-02-13,Cancel Subscription,17.97,TRUE,Retained
T400733,C100126,2025-03-05,Streaming Quality,13.33,TRUE,Retained
T400734,C100099,2024-12-21,Other,3.36,TRUE,Retained
T400735,C100405,2024-12-29,Content Request,52.24,TRUE,Retained
T400736,C100223,2024-10-30,Cancel Subscription,14.34,TRUE,Retained
T400737,C100216,2025-06-28,Streaming Quality,5.19,TRUE,Retained
T400738,C100113,2024-11-24,Streaming Quality,11,TRUE,Retained
T400739,C100584,2025-05-08,Content Request,12.83,TRUE,Retained
T400740,C100296,2025-01-18,Login Issue,42.18,TRUE,Retained
T400741,C100182,2024-11-21,Content Request,31.75,TRUE,Retained
T400742,C100885,2025-05-02,Streaming Quality,35.2,TRUE,Retained
T400743,C100162,2025-05-29,Other,0.5,TRUE,Retained
T400744,C100785,2024-08-26,Streaming Quality,12.91,TRUE,Retained
T400745,C100796,2025-04-18,Content Request,15.76,TRUE,Retained
T400746,C100752,2025-08-01,Login Issue,0.5,TRUE,Retained
T400747,C100410,2025-04-30,Cancel Subscription,7.22,TRUE,Retained
T400748,C100563,2025-02-09,Cancel Subscription,34.28,TRUE,Retained
T400749,C100418,2024-11-13,Cancel Subscription,3.54,TRUE,Retained
T400750,C100360,2024-10-06,Other,18.39,TRUE,Retained
T400751,C100769,2025-05-24,Other,5.82,TRUE,Retained
T400752,C100222,2024-10-25,Billing,0.5,TRUE,Retained
T400753,C100428,2024-11-11,Other,6.62,TRUE,Retained
T400754,C100922,2024-11-14,Billing,89.39,TRUE,Retained
T400755,C100613,2025-07-16,Billing,38.81,TRUE,Retained
T400756,C100285,2024-11-10,Billing,77,TRUE,Retained
T400757,C100327,2025-02-05,Billing,16.06,TRUE,Retained
T400758,C100788,2024-11-06,Billing,2.79,TRUE,Retained
T400759,C100371,2025-04-14,Billing,19.06,TRUE,Retained
T400760,C100645,2024-08-19,Login Issue,14.54,TRUE,Retained
T400761,C100108,2024-11-11,Billing,44.64,TRUE,Retained
T400762,C100680,2025-05-16,Login Issue,2.48,TRUE,Retained
T400763,C100905,2025-01-30,Login Issue,16.08,TRUE,Retained
T400764,C100703,2025-05-20,Streaming Quality,3.9,TRUE,Retained
T400765,C100983,2025-06-19,Other,9.42,TRUE,Retained
T400766,C100648,2024-08-26,Streaming Quality,32.09,TRUE,Retained
T400767,C100780,2025-05-17,Streaming Quality,15.51,TRUE,Retained
T400768,C100651,2024-09-18,Login Issue,11.31,TRUE,Retained
T400769,C100325,2024-09-19,Billing,12.04,TRUE,Retained
T400770,C100514,2024-09-27,Login Issue,14.76,TRUE,Retained
T400771,C100548,2025-04-16,Cancel Subscription,36.89,TRUE,Retained
T400772,C100545,2025-05-24,Login Issue,53.43,TRUE,Retained
T400773,C100401,2024-11-06,Cancel Subscription,74.61,TRUE,Retained
T400774,C100230,2024-10-01,Content Request,37.1,TRUE,Retained
T400775,C100879,2025-01-04,Content Request,9.09,TRUE,Retained
T400776,C100413,2025-04-28,Login Issue,27.96,FALSE,Escalated
T400777,C100506,2025-03-20,Other,13.81,TRUE,Retained
T400778,C100774,2025-07-15,Streaming Quality,7.05,TRUE,Retained
T400779,C100475,2025-01-16,Login Issue,44.11,TRUE,Retained
T400780,C100293,2025-03-11,Login Issue,0.94,TRUE,Retained
T400781,C100845,2025-01-22,Billing,55.69,TRUE,Retained
T400782,C100946,2024-11-15,Cancel Subscription,14.85,TRUE,Retained
T400783,C100460,2025-01-06,Streaming Quality,24.33,TRUE,Retained
T400784,C100160,2024-12-09,Streaming Quality,25.85,TRUE,Retained
T400785,C100946,2024-12-13,Streaming Quality,54.12,FALSE,Escalated
T400786,C100894,2025-02-26,Content Request,24.3,TRUE,Retained
T400787,C100181,2025-06-01,Billing,22.84,TRUE,Retained
T400788,C100409,2025-03-09,Cancel Subscription,1.66,TRUE,Retained
T400789,C100295,2025-08-09,Cancel Subscription,17.54,TRUE,Retained
T400790,C100003,2025-07-02,Content Request,3.91,TRUE,Retained
T400791,C100545,2025-04-03,Streaming Quality,32.09,TRUE,Retained
T400792,C100849,2024-08-12,Cancel Subscription,17.23,TRUE,Retained
T400793,C100342,2024-10-29,Cancel Subscription,27.36,TRUE,Retained
T400794,C100781,2024-09-01,Other,1.02,TRUE,Retained
T400795,C100475,2025-03-03,Content Request,2.13,TRUE,Retained
T400796,C100671,2025-04-25,Other,30.24,TRUE,Retained
T400797,C100176,2024-09-30,Login Issue,1.8,TRUE,Retained
T400798,C100699,2024-10-09,Other,1.77,FALSE,Escalated
T400799,C100929,2025-07-06,Streaming Quality,0.5,TRUE,Retained
T400800,C100100,2025-07-10,Billing,75.24,TRUE,Retained
T400801,C100392,2025-01-11,Other,32.1,TRUE,Retained
T400802,C100594,2025-05-30,Streaming Quality,10.46,TRUE,Retained
T400803,C100668,2025-05-28,Content Request,8.44,TRUE,Retained
T400804,C100428,2024-12-06,Billing,10.33,TRUE,Retained
T400805,C100997,2025-05-19,Billing,35.76,TRUE,Retained
T400806,C100428,2025-04-07,Streaming Quality,25.99,TRUE,Retained
T400807,C100420,2025-01-21,Content Request,4.92,TRUE,Retained
T400808,C100193,2025-05-20,Content Request,4.59,TRUE,Retained
T400809,C100651,2024-09-13,Content Request,2.49,TRUE,Retained
T400810,C100029,2025-01-07,Content Request,25.91,TRUE,Retained
T400811,C100633,2025-01-21,Streaming Quality,34.69,TRUE,Retained
T400812,C100229,2024-10-11,Billing,7.39,FALSE,Escalated
T400813,C100141,2025-05-02,Cancel Subscription,0.51,TRUE,Retained
T400814,C100624,2025-04-04,Other,2.06,TRUE,Retained
T400815,C100634,2025-02-11,Login Issue,82.5,TRUE,Retained
T400816,C100515,2025-07-04,Content Request,8.4,TRUE,Retained
T400817,C100082,2025-04-16,Cancel Subscription,35.19,TRUE,Retained
T400818,C100613,2025-03-21,Cancel Subscription,23.52,TRUE,Retained
T400819,C100584,2025-05-30,Streaming Quality,11.55,FALSE,Escalated
T400820,C100749,2025-01-16,Content Request,5.53,TRUE,Retained
T400821,C100418,2025-06-07,Billing,3.11,TRUE,Retained
T400822,C100968,2024-10-14,Content Request,22.91,TRUE,Retained
T400823,C100023,2024-08-30,Other,35.76,TRUE,Retained
T400824,C100332,2025-05-24,Cancel Subscription,24.78,TRUE,Retained
T400825,C100624,2025-04-26,Login Issue,18.14,TRUE,Retained
T400826,C100255,2024-12-25,Login Issue,1.03,TRUE,Retained
T400827,C100170,2025-05-29,Billing,82.98,TRUE,Retained
T400828,C100582,2024-08-30,Login Issue,38.47,TRUE,Retained
T400829,C100640,2025-03-21,Billing,8.32,TRUE,Retained
T400830,C100483,2025-02-23,Streaming Quality,93.85,TRUE,Retained
T400831,C100700,2025-08-04,Streaming Quality,22.1,TRUE,Retained
T400832,C100093,2024-09-17,Cancel Subscription,20.96,TRUE,Retained
T400833,C100974,2025-06-10,Login Issue,33.09,TRUE,Retained
T400834,C100379,2024-11-16,Other,40.08,TRUE,Retained
T400835,C100023,2025-03-03,Content Request,25.64,TRUE,Retained
T400836,C100760,2024-11-14,Streaming Quality,3.29,TRUE,Retained
T400837,C100615,2025-06-18,Billing,9.91,TRUE,Retained
T400838,C100904,2024-09-22,Other,63.17,TRUE,Retained
T400839,C100808,2024-10-07,Streaming Quality,6.11,TRUE,Retained
T400840,C100669,2024-12-11,Other,11.17,TRUE,Retained
T400841,C100398,2025-04-13,Login Issue,13.58,TRUE,Retained
T400842,C100565,2024-09-05,Login Issue,13.89,TRUE,Retained
T400843,C100523,2024-12-28,Other,22.78,TRUE,Retained
T400844,C100884,2025-03-10,Billing,68.78,TRUE,Retained
T400845,C100197,2025-06-07,Login Issue,6.61,TRUE,Retained
T400846,C100870,2024-11-05,Cancel Subscription,3.11,TRUE,Retained
T400847,C100935,2024-10-01,Content Request,5.28,TRUE,Retained
T400848,C100165,2024-12-20,Billing,52.31,TRUE,Retained
T400849,C100468,2025-05-23,Cancel Subscription,24.91,TRUE,Retained
T400850,C100377,2025-07-04,Cancel Subscription,8.08,TRUE,Retained
T400851,C100740,2025-02-16,Content Request,40.62,TRUE,Retained
T400852,C100895,2025-03-23,Streaming Quality,47.42,TRUE,Retained
T400853,C100245,2025-07-20,Login Issue,44.98,TRUE,Retained
T400854,C100179,2025-01-26,Login Issue,60.3,TRUE,Retained
T400855,C100483,2025-04-01,Streaming Quality,6.98,TRUE,Retained
T400856,C100959,2025-06-13,Cancel Subscription,33.76,TRUE,Retained
T400857,C100729,2024-09-23,Login Issue,14.81,TRUE,Retained
T400858,C100943,2024-12-14,Cancel Subscription,44.28,TRUE,Retained
T400859,C100204,2025-01-03,Billing,31.29,TRUE,Retained
T400860,C100330,2024-10-14,Content Request,35.95,TRUE,Retained
T400861,C100135,2025-05-15,Login Issue,25.62,TRUE,Retained
T400862,C100300,2024-08-11,Streaming Quality,4.69,TRUE,Retained
T400863,C100066,2024-08-20,Billing,18.9,TRUE,Retained
T400864,C100915,2024-12-03,Other,100.27,TRUE,Retained
T400865,C100031,2025-03-13,Streaming Quality,66.5,TRUE,Retained
T400866,C100211,2025-04-16,Other,1.06,TRUE,Retained
T400867,C100591,2024-11-15,Login Issue,4.32,TRUE,Retained
T400868,C100472,2025-06-18,Login Issue,3.39,FALSE,Escalated
T400869,C100470,2025-06-25,Content Request,31.07,TRUE,Retained
T400870,C100250,2024-10-05,Content Request,40.86,TRUE,Retained
T400871,C100700,2024-10-07,Login Issue,5.76,TRUE,Retained
T400872,C100617,2025-02-05,Billing,16.92,TRUE,Retained
T400873,C100454,2025-04-08,Login Issue,44.09,TRUE,Retained
T400874,C100247,2024-09-03,Other,31.67,TRUE,Retained
T400875,C100815,2024-11-29,Other,18.75,TRUE,Retained
T400876,C100181,2024-08-15,Content Request,21.42,TRUE,Retained
T400877,C100996,2024-12-31,Other,17.04,TRUE,Retained
T400878,C100472,2025-01-06,Billing,8.48,TRUE,Retained
T400879,C100512,2025-07-11,Login Issue,19.98,TRUE,Retained
T400880,C100656,2024-09-17,Cancel Subscription,28.02,TRUE,Retained
T400881,C100113,2025-06-17,Billing,49.59,TRUE,Retained
T400882,C100822,2025-03-19,Streaming Quality,24.27,TRUE,Retained
T400883,C100618,2025-03-21,Cancel Subscription,34.36,TRUE,Retained
T400884,C100857,2025-04-03,Billing,4.19,TRUE,Retained
T400885,C100339,2024-09-16,Other,14.86,TRUE,Retained
T400886,C100893,2024-11-22,Cancel Subscription,0.5,TRUE,Retained
T400887,C100942,2025-02-22,Billing,6.8,TRUE,Retained
T400888,C100930,2025-01-07,Login Issue,31.11,TRUE,Retained
T400889,C100163,2024-09-02,Content Request,115.32,TRUE,Retained
T400890,C100250,2025-04-03,Streaming Quality,2.51,TRUE,Retained
T400891,C100473,2025-02-08,Content Request,12.32,TRUE,Retained
T400892,C100739,2025-06-28,Content Request,38.64,TRUE,Retained
T400893,C100985,2025-08-03,Content Request,5.48,TRUE,Retained
T400894,C100071,2025-06-19,Billing,19.44,TRUE,Retained
T400895,C100007,2024-08-09,Other,31.7,TRUE,Retained
T400896,C100766,2024-12-04,Other,22.97,TRUE,Retained
T400897,C100033,2025-04-07,Login Issue,5,TRUE,Retained
T400898,C100698,2024-10-14,Other,10.54,TRUE,Retained
T400899,C100693,2024-11-29,Content Request,36.76,TRUE,Retained
T400900,C100416,2025-04-18,Login Issue,19.39,TRUE,Retained
T400901,C100887,2024-10-11,Login Issue,0.5,TRUE,Retained
T400902,C100532,2024-12-30,Cancel Subscription,34.35,TRUE,Retained
T400903,C100481,2024-09-03,Content Request,0.86,TRUE,Retained
T400904,C100882,2025-03-26,Content Request,32.86,TRUE,Retained
T400905,C100394,2025-06-17,Other,5.43,TRUE,Retained
T400906,C100072,2024-08-12,Login Issue,76.12,TRUE,Retained
T400907,C100801,2024-12-03,Streaming Quality,11.01,TRUE,Retained
T400908,C100427,2024-10-26,Login Issue,9.5,TRUE,Retained
T400909,C100980,2024-10-03,Other,3.87,TRUE,Retained
T400910,C100266,2024-10-24,Login Issue,8.75,TRUE,Retained
T400911,C100904,2025-01-29,Cancel Subscription,50.23,TRUE,Retained
T400912,C100733,2024-10-03,Streaming Quality,134.61,TRUE,Retained
T400913,C100550,2024-11-17,Content Request,11.02,TRUE,Retained
T400914,C100123,2024-09-02,Login Issue,14.29,TRUE,Retained
T400915,C100732,2025-01-26,Login Issue,30.73,TRUE,Retained
T400916,C100795,2025-07-19,Billing,52.16,TRUE,Retained
T400917,C100621,2024-10-05,Content Request,21.58,TRUE,Retained
T400918,C100662,2025-06-15,Other,11.92,TRUE,Retained
T400919,C100546,2024-10-11,Billing,12.77,TRUE,Retained
T400920,C100731,2024-09-14,Other,28.55,TRUE,Retained
T400921,C100024,2025-06-20,Login Issue,0.5,TRUE,Retained
T400922,C100449,2024-10-19,Cancel Subscription,23.2,TRUE,Retained
T400923,C100492,2025-06-22,Billing,10.54,FALSE,Escalated
T400924,C100847,2025-06-10,Billing,37.94,TRUE,Retained
T400925,C100743,2025-04-09,Streaming Quality,2.34,TRUE,Retained
T400926,C100061,2025-02-06,Billing,21.29,TRUE,Retained
T400927,C100299,2024-10-16,Streaming Quality,15.74,TRUE,Retained
T400928,C100831,2024-08-30,Billing,24.68,TRUE,Retained
T400929,C100407,2024-08-11,Streaming Quality,1.61,TRUE,Retained
T400930,C100848,2024-10-04,Login Issue,20.82,TRUE,Retained
T400931,C100842,2025-01-06,Billing,19.78,TRUE,Retained
T400932,C100742,2025-01-20,Streaming Quality,19.74,TRUE,Retained
T400933,C100787,2025-07-20,Cancel Subscription,22.2,TRUE,Retained
T400934,C100040,2025-02-13,Streaming Quality,27.08,TRUE,Retained
T400935,C100372,2024-09-12,Billing,39.23,TRUE,Retained
T400936,C100409,2024-12-27,Billing,7.55,TRUE,Retained
T400937,C100733,2024-12-17,Billing,41.84,TRUE,Retained
T400938,C100949,2024-10-20,Other,16.55,TRUE,Retained
T400939,C100523,2024-11-15,Billing,1.92,TRUE,Retained
T400940,C100644,2025-07-21,Other,1.45,TRUE,Retained
T400941,C100665,2025-01-17,Login Issue,9.76,TRUE,Retained
T400942,C100450,2024-09-22,Cancel Subscription,36.88,TRUE,Retained
T400943,C100438,2024-12-31,Billing,29.52,TRUE,Retained
T400944,C100806,2024-09-01,Streaming Quality,37.3,TRUE,Retained
T400945,C100127,2025-07-27,Cancel Subscription,17.48,TRUE,Retained
T400946,C100106,2025-04-21,Other,13.92,TRUE,Retained
T400947,C100149,2024-10-23,Content Request,3.83,TRUE,Retained
T400948,C100867,2025-05-09,Other,9.55,TRUE,Retained
T400949,C100268,2025-07-28,Login Issue,13.66,TRUE,Retained
T400950,C100776,2024-09-21,Other,2.23,TRUE,Retained
T400951,C100845,2025-02-22,Billing,5.98,TRUE,Retained
T400952,C100593,2025-06-20,Cancel Subscription,21.88,TRUE,Retained
T400953,C100771,2025-03-13,Billing,31.93,TRUE,Retained
T400954,C100810,2025-01-10,Billing,153.73,TRUE,Retained
T400955,C100114,2025-07-26,Other,64.91,TRUE,Retained
T400956,C100739,2024-12-19,Streaming Quality,24.69,TRUE,Retained
T400957,C100173,2025-04-02,Streaming Quality,13.13,TRUE,Retained
T400958,C100375,2025-02-07,Other,24.27,FALSE,Escalated
T400959,C100422,2024-08-25,Billing,36.96,TRUE,Retained
T400960,C100672,2025-02-14,Streaming Quality,3.02,TRUE,Retained
T400961,C100347,2025-02-10,Billing,12.66,TRUE,Retained
T400962,C100145,2025-04-04,Other,43.95,TRUE,Retained
T400963,C100934,2025-03-21,Billing,11.62,TRUE,Retained
T400964,C100248,2024-12-24,Billing,20.36,TRUE,Retained
T400965,C100814,2025-07-16,Content Request,21.27,TRUE,Retained
T400966,C100494,2025-02-24,Other,4.89,TRUE,Retained
T400967,C100215,2024-12-18,Streaming Quality,10.79,TRUE,Retained
T400968,C100270,2024-08-17,Streaming Quality,9.77,TRUE,Retained
T400969,C100099,2024-09-18,Billing,0.64,TRUE,Retained
T400970,C100337,2025-03-28,Other,0.59,TRUE,Retained
T400971,C100657,2025-05-19,Billing,42.77,TRUE,Retained
T400972,C100710,2025-04-24,Content Request,7.65,TRUE,Retained
T400973,C100075,2024-10-28,Login Issue,17.52,TRUE,Retained
T400974,C100469,2024-11-02,Other,8.52,TRUE,Retained
T400975,C100920,2024-09-12,Cancel Subscription,67.8,TRUE,Retained
T400976,C100726,2025-02-26,Streaming Quality,7.2,TRUE,Retained
T400977,C100503,2025-01-16,Content Request,13.48,TRUE,Retained
T400978,C100770,2025-02-12,Streaming Quality,49.47,TRUE,Retained
T400979,C100250,2025-05-13,Other,44.27,TRUE,Retained
T400980,C100775,2024-11-27,Content Request,4.94,TRUE,Retained
T400981,C100266,2025-06-25,Cancel Subscription,38.95,FALSE,Escalated
T400982,C100350,2025-02-20,Other,14.71,TRUE,Retained
T400983,C100302,2025-02-10,Streaming Quality,15.83,TRUE,Retained
T400984,C100705,2024-09-28,Content Request,3.44,TRUE,Retained
T400985,C100455,2024-11-07,Login Issue,2.02,TRUE,Retained
T400986,C100338,2025-04-15,Other,31.24,TRUE,Retained
T400987,C100806,2025-02-28,Other,16.47,TRUE,Retained
T400988,C100461,2025-03-06,Cancel Subscription,13.78,TRUE,Retained
T400989,C100716,2025-06-19,Billing,31.38,TRUE,Retained
T400990,C100264,2025-06-24,Content Request,34.81,TRUE,Retained
T400991,C100581,2024-09-16,Streaming Quality,4.15,TRUE,Retained
T400992,C100281,2025-01-14,Cancel Subscription,22.61,TRUE,Retained
T400993,C100608,2025-03-02,Billing,3.49,TRUE,Retained
T400994,C100036,2024-09-25,Billing,33.4,TRUE,Retained
T400995,C100779,2024-11-28,Streaming Quality,25.68,TRUE,Retained
T400996,C100143,2024-09-16,Streaming Quality,75.3,TRUE,Retained
T400997,C100151,2025-05-06,Login Issue,1.71,TRUE,Retained
T400998,C100534,2025-01-26,Streaming Quality,1.41,TRUE,Retained
T400999,C100295,2025-04-28,Cancel Subscription,7.96,TRUE,Retained
